{
   "d":{
      "results":[
         {
            "__metadata":{
               "id":"https://my300194.s4hana.ondemand.com:443/sap/opu/odata/sap/API_PURCHASEORDER_PROCESS_SRV/A_PurchaseOrderItem(PurchaseOrder='4500000002',PurchaseOrderItem='10')",
               "uri":"https://my300194.s4hana.ondemand.com:443/sap/opu/odata/sap/API_PURCHASEORDER_PROCESS_SRV/A_PurchaseOrderItem(PurchaseOrder='4500000002',PurchaseOrderItem='10')",
               "type":"API_PURCHASEORDER_PROCESS_SRV.A_PurchaseOrderItemType"
            },
            "PurchaseOrder":"4500000002",
            "PurchaseOrderItem":"10",
            "PurchasingDocumentDeletionCode":"",
            "PurchaseOrderItemText":"Trad. Good 0012,Reord. Pt.,Regular Proc.",
            "Plant":"1710",
            "StorageLocation":"",
            "MaterialGroup":"L001",
            "PurchasingInfoRecord":"5300000132",
            "SupplierMaterialNumber":"",
            "OrderQuantity":"10",
            "PurchaseOrderQuantityUnit":"PC",
            "OrderPriceUnit":"PC",
            "OrderPriceUnitToOrderUnitNmrtr":"1",
            "OrdPriceUnitToOrderUnitDnmntr":"1",
            "DocumentCurrency":"USD",
            "NetPriceAmount":"40.00",
            "NetPriceQuantity":"1",
            "TaxCode":"I1",
            "TaxDeterminationDate":null,
            "TaxCountry":"",
            "PriceIsToBePrinted":true,
            "OverdelivTolrtdLmtRatioInPct":"10.0",
            "UnlimitedOverdeliveryIsAllowed":false,
            "UnderdelivTolrtdLmtRatioInPct":"10.0",
            "ValuationType":"",
            "IsCompletelyDelivered":true,
            "IsFinallyInvoiced":false,
            "PurchaseOrderItemCategory":"0",
            "AccountAssignmentCategory":"",
            "MultipleAcctAssgmtDistribution":"",
            "PartialInvoiceDistribution":"",
            "GoodsReceiptIsExpected":true,
            "GoodsReceiptIsNonValuated":false,
            "InvoiceIsExpected":true,
            "InvoiceIsGoodsReceiptBased":false,
            "PurchaseContract":"",
            "PurchaseContractItem":"0",
            "Customer":"",
            "Subcontractor":"",
            "SupplierIsSubcontractor":false,
            "ItemNetWeight":"0.000",
            "ItemWeightUnit":"",
            "TaxJurisdiction":"0508525200",
            "PricingDateControl":"",
            "ItemVolume":"0.000",
            "ItemVolumeUnit":"",
            "SupplierConfirmationControlKey":"",
            "IncotermsClassification":"EXW",
            "IncotermsTransferLocation":"VENDOR",
            "EvaldRcptSettlmtIsAllowed":false,
            "PurchaseRequisition":"",
            "PurchaseRequisitionItem":"0",
            "IsReturnsItem":false,
            "RequisitionerName":"",
            "ServicePackage":"0",
            "EarmarkedFunds":"",
            "EarmarkedFundsDocument":"",
            "EarmarkedFundsItem":"0",
            "EarmarkedFundsDocumentItem":"0",
            "IncotermsLocation1":"VENDOR",
            "IncotermsLocation2":"",
            "Material":"TG0012",
            "InternationalArticleNumber":"",
            "ManufacturerMaterial":"TG0012",
            "ServicePerformer":"",
            "ProductType":"1",
            "ExpectedOverallLimitAmount":"0.00",
            "OverallLimitAmount":"0.00",
            "PurContractForOverallLimit":"",
            "ReferenceDeliveryAddressID":"",
            "DeliveryAddressID":"",
            "DeliveryAddressName":"Plant 1 US",
            "DeliveryAddressName2":"",
            "DeliveryAddressFullName":"",
            "DeliveryAddressStreetName":"Deer Creek",
            "DeliveryAddressHouseNumber":"3475",
            "DeliveryAddressCityName":"Palo Alto",
            "DeliveryAddressPostalCode":"94304",
            "DeliveryAddressRegion":"CA",
            "DeliveryAddressCountry":"US",
            "DownPaymentType":"",
            "DownPaymentPercentageOfTotAmt":"0.00",
            "DownPaymentAmount":"0.00",
            "DownPaymentDueDate":null,
            "BR_MaterialUsage":"",
            "BR_MaterialOrigin":"",
            "BR_CFOPCategory":"",
            "BR_IsProducedInHouse":false,
            "ConsumptionTaxCtrlCode":"",
            "to_AccountAssignment":{
               "__deferred":{
                  "uri":"https://my300194.s4hana.ondemand.com:443/sap/opu/odata/sap/API_PURCHASEORDER_PROCESS_SRV/A_PurchaseOrderItem(PurchaseOrder='4500000002',PurchaseOrderItem='10')/to_AccountAssignment"
               }
            },
            "to_PurchaseOrder":{
               "__deferred":{
                  "uri":"https://my300194.s4hana.ondemand.com:443/sap/opu/odata/sap/API_PURCHASEORDER_PROCESS_SRV/A_PurchaseOrderItem(PurchaseOrder='4500000002',PurchaseOrderItem='10')/to_PurchaseOrder"
               }
            },
            "to_PurchaseOrderItemNote":{
               "__deferred":{
                  "uri":"https://my300194.s4hana.ondemand.com:443/sap/opu/odata/sap/API_PURCHASEORDER_PROCESS_SRV/A_PurchaseOrderItem(PurchaseOrder='4500000002',PurchaseOrderItem='10')/to_PurchaseOrderItemNote"
               }
            },
            "to_PurchaseOrderPricingElement":{
               "__deferred":{
                  "uri":"https://my300194.s4hana.ondemand.com:443/sap/opu/odata/sap/API_PURCHASEORDER_PROCESS_SRV/A_PurchaseOrderItem(PurchaseOrder='4500000002',PurchaseOrderItem='10')/to_PurchaseOrderPricingElement"
               }
            },
            "to_ScheduleLine":{
               "__deferred":{
                  "uri":"https://my300194.s4hana.ondemand.com:443/sap/opu/odata/sap/API_PURCHASEORDER_PROCESS_SRV/A_PurchaseOrderItem(PurchaseOrder='4500000002',PurchaseOrderItem='10')/to_ScheduleLine"
               }
            }
         }
      ]
   }
}